MEXICO,
EYE,
HOLE,
BEAT,
CONCERT,
MUG,
CALF,
AIR,
CRANE,
TRIP,
FIRE,
BAND,
TUBE,
POINT,
SHOP,
NEEDLE,
PITCH,
KING,
DUCK,
RING,
MATCH,
IRON,
FLY,
PIT,
CAST,
GAS,
PIN, 
WASHINGTON,
DOCTOR,
BALL,
SPRING,
COURT,
FIELD,
TRAIN,
CONDUCTOR,
DOG,
THEATER,
EGYPT,
ARM,
BERMUDA,
OCTOPUS,
WHIP,
PENGUIN,
ROOT,
LOG,
LOCH NESS,
ALIEN,
KEY,
CIRCLE,
BED,
PALM,
MOSCOW,
PIRATE,
HORSE,
CODE,
KIWI,
SHIP,
DICE,
TAP,
MOUTH,
GRACE,
OLIVE,
ICE,
TAG,
FORK,
GERMANY,
JET,
MICROSCOPE,
PASTE,
MISSLE,
OLYMPUS,
NINJA,
BUG,
MINT,
SWING,
HAND,
ROBOT,
EMBASSY,
BAR,
FILE, 
BOW,
DEGREE,
FIGHTER,
WAKE,
LUCK,
AMAZON,
SERVER,
SCHOOL,
TABLE,
TIE,
BOTTLE,
FOREST,
BOOM,
BANK,
MARCH,
CONTRACT,
CAR, 
WAVE,
STRING,
NIGHT,
REVOLUTION,
COOK,
BELL,
LEMON,
SUPERHERO,
OIL, 
POLE,
APPLE,
FISH,
COTTON,
TURKEY,
MINE,
PRINCESS,
TIME,
PYRAMID,
OPERA,
CENTER,
CHICK,
GOLD,
TICK,
GLASS,
BEAR, 
FILM,
BUTTON,
SUB,
POUND,
THUMB,
ANTARCTICA,
CRASH,
TAIL,
CHARGE,
BEACH,
BUFFALO,
DECK,
LITTER,
HEAD,
PAPER,
SOUND,
LAWYER,
SATELLITE,
BELT,
LIGHT,
NURSE,
LEPRECHAUN,
SPACE,
HOOK,
WORM,
ALPS,
WATER,
CHAIR,
CLOAK,
BOARD,
CHANGE,
AFRICA,
SCUBA DIVER,
BUGLE,
PART,
DRESS,
AMBULANCE,
CHINA,
BOLT,
SPIKE,
SCIENTIST,
MODEL,
TOKYO,
SLUG,
COMPOUND,
CAT,
SHOT,
LIFE,
LAP,
SATURN,
HOSPITAL,
TOWER,
POISON,
KID,
WIND,
MAIL,
UNDERTAKER,
LASER,
SKYSCRAPER,
WELL,
HOLLYWOOD,
LAB,
CLIFF,
MARBLE,
STAFF,
CARROT,
FLUTE,
STATE, 
TORCH, 
RACKET,
BEIJING,
GENIUS,
EAGLE,
SPOT,
PIANO,
MOUNT,
BOX,
STICK,
PLATYPUS,
SINK,
CLUB,
MOLE, 
SHOE, 
UNICORN,
SPY, 
FACE, 
BERLIN,
CHURCH,
KNIFE,
CHEST,
YARD,
SPIDER,
ANGEL,
CRICKET,
COLD,
JAM,
ORGAN,
LEAD,
WATCH,
DWARF,
PLASTIC,
MILLIONAIRE,
DAY,
VET,
VAN,
GLOVE,
STREAM,
BOOT,
GHOST,
COVER,
CELL,
FAN,
WEB,
CHECK,
QUEEN,
BILL,
DINOSAUR,
PARK,
FIGURE,
GRASS,
SPELL,
GREECE,
SQUARE,
SLIP,
TABLET,
LIMOUSINE,
AUSTRALIA,
FOOT,
NEW YORK,
STADIUM,
DRAGON,
PASS,
GREEN,
KNIGHT,
PIE, 
PLATE,
LINE, 
SCREEN,
FAIR,
TOOTH,
PLAY, 
BAT, 
MASS, 
MOUSE, 
WAR, 
PRESS, 
SPINE,
GAME, 
WASHER,
NET,
MOON,
STAR, 
POOL,
NUT, 
SOCK,
DIAMOND,
WHALE, 
PLOT, 
PUPIL,
SMUGGLER, 
ENGLAND,
CASINO,
PILOT,
AZTEC,
MAPLE,
RAY,
POST,
SWITCH,
STRAW,
CANADA,
SCORPION,
ROW,
PISTOL,
NOTE,
GROUND,
PORT,
DISEASE,
BARK,
THIEF,
LINK,
DANCE,
HELICOPTER,
SNOWMAN,
CENTAUR,
SHADOW,
ORANGE,
TEMPLE,
JUPITER,
SHARK,
DEATH,
STOCK,
LOCK,
BRUSH,
RULER,
BOMB,
TEACHER,
PUMPKIN,
EUROPE,
SOUL,
HEART,
HOOD,
SEAL, 
CROSS,
ROBIN,
BRIDGE,
ICE CREAM,
RABBIT,
HIMALAYAS,
CROWN,
BUCK,
AGENT,
BATTERY,
HAWK,
TRACK,
FORCE,
COPPER,
JACK,
CARD,
HORN,
ROULETTE,
MERCURY,
FALL,
SCALE,
LONDON,
ROCK,
PHOENIX,
DROP,
NAIL,
GIANT,
DRAFT,
HAM,
FRANCE,
BLOCK,
SOLDIER,
BERRY,
DATE,
DRILL,
FENCE,
CAPITAL,
COMIC,
MAMMOTH,
WITCH,
KETCHUP,
HORSESHOE,
HONEY,
CHOCOLATE,
SUIT,
ENGINE,
SHAKESPEARE,
STRIKE,
KANGAROO,
PANTS,
WALL,
CZECH,
BACK,
TRIANGLE,
CAP, 
ROUND,
INDIA,
ROME,
PLANE,
CYCLE,
TELESCOPE,
HOTEL,
PARACHUTE,
IVORY,
AMERICA,
SNOW, 
TRUNK, 
PAN, 
BOND,
VACUUM,
ATLANTIS,
POLICE,
LION, 
PIPE,
NOVEL, 
COOKIE, 